ServiceID,ItemID
2001,1
2001,2
2001,3
2001,4
2001,5
2001,6
2001,7
2001,8
2001,9
2001,10
2001,11
2001,12
2001,13
2001,14
2001,15
2001,16
2001,17
2001,18
2001,19
2001,20
2001,21
2001,22
2001,23
2001,24
2001,25
2001,26
2001,27
2001,28
2001,29
2001,30
2002,1
2002,2
2002,3
2002,4
2002,5
2002,6
2002,7
2002,8
2002,9
2002,10
2002,11
2002,12
2002,13
2002,14
2002,15
2002,16
2002,17
2002,18
2002,19
2002,20
2002,21
2002,22
2002,23
2002,24
2002,25
2002,26
2002,27
2002,28
2002,29
2002,30
2003,1
2003,2
2003,3
2003,4
2003,5
2003,6
2003,7
2003,8
2003,9
2003,10
2003,11
2003,12
2003,13
2003,14
2003,15
2003,16
2003,17
2003,18
2003,19
2003,20
2003,21
2003,22
2003,23
2003,24
2003,25
2003,26
2003,27
2003,28
2003,29
2003,30
2004,1
2004,2
2004,3
2004,4
2004,5
2004,6
2004,7
2004,8
2004,9
2004,10
2004,11
2004,12
2004,13
2004,14
2004,15
2004,16
2004,17
2004,18
2004,19
2004,20
2004,21
2004,22
2004,23
2004,24
2004,25
2004,26
2004,27
2004,28
2004,29
2004,30
2005,1
2005,2
2005,3
2005,4
2005,5
2005,6
2005,7
2005,8
2005,9
2005,10
2005,11
2005,12
2005,13
2005,14
2005,15
2005,16
2005,17
2005,18
2005,19
2005,20
2005,21
2005,22
2005,23
2005,24
2005,25
2005,26
2005,27
2005,28
2005,29
2005,30
2006,1
2006,2
2006,3
2006,4
2006,5
2006,6
2006,7
2006,8
2006,9
2006,10
2006,11
2006,12
2006,13
2006,14
2006,15
2006,16
2006,17
2006,18
2006,19
2006,20
2006,21
2006,22
2006,23
2006,24
2006,25
2006,26
2006,27
2006,28
2006,29
2006,30
2007,1
2007,2
2007,3
2007,4
2007,5
2007,6
2007,7
2007,8
2007,9
2007,10
2007,11
2007,12
2007,13
2007,14
2007,15
2007,16
2007,17
2007,18
2007,19
2007,20
2007,21
2007,22
2007,23
2007,24
2007,25
2007,26
2007,27
2007,28
2007,29
2007,30
2008,1
2008,2
2008,3
2008,4
2008,5
2008,6
2008,7
2008,8
2008,9
2008,10
2008,11
2008,12
2008,13
2008,14
2008,15
2008,16
2008,17
2008,18
2008,19
2008,20
2008,21
2008,22
2008,23
2008,24
2008,25
2008,26
2008,27
2008,28
2008,29
2008,30
2009,1
2009,2
2009,3
2009,4
2009,5
2009,6
2009,7
2009,8
2009,9
2009,10
2009,11
2009,12
2009,13
2009,14
2009,15
2009,16
2009,17
2009,18
2009,19
2009,20
2009,21
2009,22
2009,23
2009,24
2009,25
2009,26
2009,27
2009,28
2009,29
2009,30
2010,1
2010,2
2010,3
2010,4
2010,5
2010,6
2010,7
2010,8
2010,9
2010,10
2010,11
2010,12
2010,13
2010,14
2010,15
2010,16
2010,17
2010,18
2010,19
2010,20
2010,21
2010,22
2010,23
2010,24
2010,25
2010,26
2010,27
2010,28
2010,29
2010,30
2011,1
2011,2
2011,3
2011,4
2011,5
2011,6
2011,7
2011,8
2011,9
2011,10
2011,11
2011,12
2011,13
2011,14
2011,15
2011,16
2011,17
2011,18
2011,19
2011,20
2011,21
2011,22
2011,23
2011,24
2011,25
2011,26
2011,27
2011,28
2011,29
2011,30
2012,1
2012,2
2012,3
2012,4
2012,5
2012,6
2012,7
2012,8
2012,9
2012,10
2012,11
2012,12
2012,13
2012,14
2012,15
2012,16
2012,17
2012,18
2012,19
2012,20
2012,21
2012,22
2012,23
2012,24
2012,25
2012,26
2012,27
2012,28
2012,29
2012,30
2013,1
2013,2
2013,3
2013,4
2013,5
2013,6
2013,7
2013,8
2013,9
2013,10
2013,11
2013,12
2013,13
2013,14
2013,15
2013,16
2013,17
2013,18
2013,19
2013,20
2013,21
2013,22
2013,23
2013,24
2013,25
2013,26
2013,27
2013,28
2013,29
2013,30
2014,1
2014,2
2014,3
2014,4
2014,5
2014,6
2014,7
2014,8
2014,9
2014,10
2014,11
2014,12
2014,13
2014,14
2014,15
2014,16
2014,17
2014,18
2014,19
2014,20
2014,21
2014,22
2014,23
2014,24
2014,25
2014,26
2014,27
2014,28
2014,29
2014,30
2015,1
2015,2
2015,3
2015,4
2015,5
2015,6
2015,7
2015,8
2015,9
2015,10
2015,11
2015,12
2015,13
2015,14
2015,15
2015,16
2015,17
2015,18
2015,19
2015,20
2015,21
2015,22
2015,23
2015,24
2015,25
2015,26
2015,27
2015,28
2015,29
2015,30
2016,1
2016,2
2016,3
2016,4
2016,5
2016,6
2016,7
2016,8
2016,9
2016,10
2016,11
2016,12
2016,13
2016,14
2016,15
2016,16
2016,17
2016,18
2016,19
2016,20
2016,21
2016,22
2016,23
2016,24
2016,25
2016,26
2016,27
2016,28
2016,29
2016,30
2017,1
2017,2
2017,3
2017,4
2017,5
2017,6
2017,7
2017,8
2017,9
2017,10
2017,11
2017,12
2017,13
2017,14
2017,15
2017,16
2017,17
2017,18
2017,19
2017,20
2017,21
2017,22
2017,23
2017,24
2017,25
2017,26
2017,27
2017,28
2017,29
2017,30
2018,1
2018,2
2018,3
2018,4
2018,5
2018,6
2018,7
2018,8
2018,9
2018,10
2018,11
2018,12
2018,13
2018,14
2018,15
2018,16
2018,17
2018,18
2018,19
2018,20
2018,21
2018,22
2018,23
2018,24
2018,25
2018,26
2018,27
2018,28
2018,29
2018,30
2019,1
2019,2
2019,3
2019,4
2019,5
2019,6
2019,7
2019,8
2019,9
2019,10
2019,11
2019,12
2019,13
2019,14
2019,15
2019,16
2019,17
2019,18
2019,19
2019,20
2019,21
2019,22
2019,23
2019,24
2019,25
2019,26
2019,27
2019,28
2019,29
2019,30
2020,1
2020,2
2020,3
2020,4
2020,5
2020,6
2020,7
2020,8
2020,9
2020,10
2020,11
2020,12
2020,13
2020,14
2020,15
2020,16
2020,17
2020,18
2020,19
2020,20
2020,21
2020,22
2020,23
2020,24
2020,25
2020,26
2020,27
2020,28
2020,29
2020,30
2021,1
2021,2
2021,3
2021,4
2021,5
2021,6
2021,7
2021,8
2021,9
2021,10
2021,11
2021,12
2021,13
2021,14
2021,15
2021,16
2021,17
2021,18
2021,19
2021,20
2021,21
2021,22
2021,23
2021,24
2021,25
2021,26
2021,27
2021,28
2021,29
2021,30
2022,1
2022,2
2022,3
2022,4
2022,5
2022,6
2022,7
2022,8
2022,9
2022,10
2022,11
2022,12
2022,13
2022,14
2022,15
2022,16
2022,17
2022,18
2022,19
2022,20
2022,21
2022,22
2022,23
2022,24
2022,25
2022,26
2022,27
2022,28
2022,29
2022,30
2023,1
2023,2
2023,3
2023,4
2023,5
2023,6
2023,7
2023,8
2023,9
2023,10
2023,11
2023,12
2023,13
2023,14
2023,15
2023,16
2023,17
2023,18
2023,19
2023,20
2023,21
2023,22
2023,23
2023,24
2023,25
2023,26
2023,27
2023,28
2023,29
2023,30
2024,1
2024,2
2024,3
2024,4
2024,5
2024,6
2024,7
2024,8
2024,9
2024,10
2024,11
2024,12
2024,13
2024,14
2024,15
2024,16
2024,17
2024,18
2024,19
2024,20
2024,21
2024,22
2024,23
2024,24
2024,25
2024,26
2024,27
2024,28
2024,29
2024,30
2025,1
2025,2
2025,3
2025,4
2025,5
2025,6
2025,7
2025,8
2025,9
2025,10
2025,11
2025,12
2025,13
2025,14
2025,15
2025,16
2025,17
2025,18
2025,19
2025,20
2025,21
2025,22
2025,23
2025,24
2025,25
2025,26
2025,27
2025,28
2025,29
2025,30
2026,1
2026,2
2026,3
2026,4
2026,5
2026,6
2026,7
2026,8
2026,9
2026,10
2026,11
2026,12
2026,13
2026,14
2026,15
2026,16
2026,17
2026,18
2026,19
2026,20
2026,21
2026,22
2026,23
2026,24
2026,25
2026,26
2026,27
2026,28
2026,29
2026,30
2027,1
2027,2
2027,3
2027,4
2027,5
2027,6
2027,7
2027,8
2027,9
2027,10
2027,11
2027,12
2027,13
2027,14
2027,15
2027,16
2027,17
2027,18
2027,19
2027,20
2027,21
2027,22
2027,23
2027,24
2027,25
2027,26
2027,27
2027,28
2027,29
2027,30
2028,1
2028,2
2028,3
2028,4
2028,5
2028,6
2028,7
2028,8
2028,9
2028,10
2028,11
2028,12
2028,13
2028,14
2028,15
2028,16
2028,17
2028,18
2028,19
2028,20
2028,21
2028,22
2028,23
2028,24
2028,25
2028,26
2028,27
2028,28
2028,29
2028,30
2029,1
2029,2
2029,3
2029,4
2029,5
2029,6
2029,7
2029,8
2029,9
2029,10
2029,11
2029,12
2029,13
2029,14
2029,15
2029,16
2029,17
2029,18
2029,19
2029,20
2029,21
2029,22
2029,23
2029,24
2029,25
2029,26
2029,27
2029,28
2029,29
2029,30
2030,1
2030,2
2030,3
2030,4
2030,5
2030,6
2030,7
2030,8
2030,9
2030,10
2030,11
2030,12
2030,13
2030,14
2030,15
2030,16
2030,17
2030,18
2030,19
2030,20
2030,21
2030,22
2030,23
2030,24
2030,25
2030,26
2030,27
2030,28
2030,29
2030,30
3001,1
3001,2
3001,3
3001,4
3001,5
3001,6
3001,7
3001,8
3001,9
3001,10
3001,11
3001,12
3001,13
3001,14
3001,15
3001,16
3001,17
3001,18
3001,19
3001,20
3001,21
3001,22
3001,23
3001,24
3001,25
3001,26
3001,27
3001,28
3001,29
3001,30
3002,1
3002,2
3002,3
3002,4
3002,5
3002,6
3002,7
3002,8
3002,9
3002,10
3002,11
3002,12
3002,13
3002,14
3002,15
3002,16
3002,17
3002,18
3002,19
3002,20
3002,21
3002,22
3002,23
3002,24
3002,25
3002,26
3002,27
3002,28
3002,29
3002,30
3003,1
3003,2
3003,3
3003,4
3003,5
3003,6
3003,7
3003,8
3003,9
3003,10
3003,11
3003,12
3003,13
3003,14
3003,15
3003,16
3003,17
3003,18
3003,19
3003,20
3003,21
3003,22
3003,23
3003,24
3003,25
3003,26
3003,27
3003,28
3003,29
3003,30
3004,1
3004,2
3004,3
3004,4
3004,5
3004,6
3004,7
3004,8
3004,9
3004,10
3004,11
3004,12
3004,13
3004,14
3004,15
3004,16
3004,17
3004,18
3004,19
3004,20
3004,21
3004,22
3004,23
3004,24
3004,25
3004,26
3004,27
3004,28
3004,29
3004,30
3005,1
3005,2
3005,3
3005,4
3005,5
3005,6
3005,7
3005,8
3005,9
3005,10
3005,11
3005,12
3005,13
3005,14
3005,15
3005,16
3005,17
3005,18
3005,19
3005,20
3005,21
3005,22
3005,23
3005,24
3005,25
3005,26
3005,27
3005,28
3005,29
3005,30
3006,1
3006,2
3006,3
3006,4
3006,5
3006,6
3006,7
3006,8
3006,9
3006,10
3006,11
3006,12
3006,13
3006,14
3006,15
3006,16
3006,17
3006,18
3006,19
3006,20
3006,21
3006,22
3006,23
3006,24
3006,25
3006,26
3006,27
3006,28
3006,29
3006,30
3007,1
3007,2
3007,3
3007,4
3007,5
3007,6
3007,7
3007,8
3007,9
3007,10
3007,11
3007,12
3007,13
3007,14
3007,15
3007,16
3007,17
3007,18
3007,19
3007,20
3007,21
3007,22
3007,23
3007,24
3007,25
3007,26
3007,27
3007,28
3007,29
3007,30
3008,1
3008,2
3008,3
3008,4
3008,5
3008,6
3008,7
3008,8
3008,9
3008,10
3008,11
3008,12
3008,13
3008,14
3008,15
3008,16
3008,17
3008,18
3008,19
3008,20
3008,21
3008,22
3008,23
3008,24
3008,25
3008,26
3008,27
3008,28
3008,29
3008,30
3009,1
3009,2
3009,3
3009,4
3009,5
3009,6
3009,7
3009,8
3009,9
3009,10
3009,11
3009,12
3009,13
3009,14
3009,15
3009,16
3009,17
3009,18
3009,19
3009,20
3009,21
3009,22
3009,23
3009,24
3009,25
3009,26
3009,27
3009,28
3009,29
3009,30
3010,1
3010,2
3010,3
3010,4
3010,5
3010,6
3010,7
3010,8
3010,9
3010,10
3010,11
3010,12
3010,13
3010,14
3010,15
3010,16
3010,17
3010,18
3010,19
3010,20
3010,21
3010,22
3010,23
3010,24
3010,25
3010,26
3010,27
3010,28
3010,29
3010,30
3011,1
3011,2
3011,3
3011,4
3011,5
3011,6
3011,7
3011,8
3011,9
3011,10
3011,11
3011,12
3011,13
3011,14
3011,15
3011,16
3011,17
3011,18
3011,19
3011,20
3011,21
3011,22
3011,23
3011,24
3011,25
3011,26
3011,27
3011,28
3011,29
3011,30
3012,1
3012,2
3012,3
3012,4
3012,5
3012,6
3012,7
3012,8
3012,9
3012,10
3012,11
3012,12
3012,13
3012,14
3012,15
3012,16
3012,17
3012,18
3012,19
3012,20
3012,21
3012,22
3012,23
3012,24
3012,25
3012,26
3012,27
3012,28
3012,29
3012,30
3013,1
3013,2
3013,3
3013,4
3013,5
3013,6
3013,7
3013,8
3013,9
3013,10
3013,11
3013,12
3013,13
3013,14
3013,15
3013,16
3013,17
3013,18
3013,19
3013,20
3013,21
3013,22
3013,23
3013,24
3013,25
3013,26
3013,27
3013,28
3013,29
3013,30
3014,1
3014,2
3014,3
3014,4
3014,5
3014,6
3014,7
3014,8
3014,9
3014,10
3014,11
3014,12
3014,13
3014,14
3014,15
3014,16
3014,17
3014,18
3014,19
3014,20
3014,21
3014,22
3014,23
3014,24
3014,25
3014,26
3014,27
3014,28
3014,29
3014,30
3015,1
3015,2
3015,3
3015,4
3015,5
3015,6
3015,7
3015,8
3015,9
3015,10
3015,11
3015,12
3015,13
3015,14
3015,15
3015,16
3015,17
3015,18
3015,19
3015,20
3015,21
3015,22
3015,23
3015,24
3015,25
3015,26
3015,27
3015,28
3015,29
3015,30
3016,1
3016,2
3016,3
3016,4
3016,5
3016,6
3016,7
3016,8
3016,9
3016,10
3016,11
3016,12
3016,13
3016,14
3016,15
3016,16
3016,17
3016,18
3016,19
3016,20
3016,21
3016,22
3016,23
3016,24
3016,25
3016,26
3016,27
3016,28
3016,29
3016,30
3017,1
3017,2
3017,3
3017,4
3017,5
3017,6
3017,7
3017,8
3017,9
3017,10
3017,11
3017,12
3017,13
3017,14
3017,15
3017,16
3017,17
3017,18
3017,19
3017,20
3017,21
3017,22
3017,23
3017,24
3017,25
3017,26
3017,27
3017,28
3017,29
3017,30
3018,1
3018,2
3018,3
3018,4
3018,5
3018,6
3018,7
3018,8
3018,9
3018,10
3018,11
3018,12
3018,13
3018,14
3018,15
3018,16
3018,17
3018,18
3018,19
3018,20
3018,21
3018,22
3018,23
3018,24
3018,25
3018,26
3018,27
3018,28
3018,29
3018,30
3019,1
3019,2
3019,3
3019,4
3019,5
3019,6
3019,7
3019,8
3019,9
3019,10
3019,11
3019,12
3019,13
3019,14
3019,15
3019,16
3019,17
3019,18
3019,19
3019,20
3019,21
3019,22
3019,23
3019,24
3019,25
3019,26
3019,27
3019,28
3019,29
3019,30
3020,1
3020,2
3020,3
3020,4
3020,5
3020,6
3020,7
3020,8
3020,9
3020,10
3020,11
3020,12
3020,13
3020,14
3020,15
3020,16
3020,17
3020,18
3020,19
3020,20
3020,21
3020,22
3020,23
3020,24
3020,25
3020,26
3020,27
3020,28
3020,29
3020,30
3021,1
3021,2
3021,3
3021,4
3021,5
3021,6
3021,7
3021,8
3021,9
3021,10
3021,11
3021,12
3021,13
3021,14
3021,15
3021,16
3021,17
3021,18
3021,19
3021,20
3021,21
3021,22
3021,23
3021,24
3021,25
3021,26
3021,27
3021,28
3021,29
3021,30
3022,1
3022,2
3022,3
3022,4
3022,5
3022,6
3022,7
3022,8
3022,9
3022,10
3022,11
3022,12
3022,13
3022,14
3022,15
3022,16
3022,17
3022,18
3022,19
3022,20
3022,21
3022,22
3022,23
3022,24
3022,25
3022,26
3022,27
3022,28
3022,29
3022,30
3023,1
3023,2
3023,3
3023,4
3023,5
3023,6
3023,7
3023,8
3023,9
3023,10
3023,11
3023,12
3023,13
3023,14
3023,15
3023,16
3023,17
3023,18
3023,19
3023,20
3023,21
3023,22
3023,23
3023,24
3023,25
3023,26
3023,27
3023,28
3023,29
3023,30
3024,1
3024,2
3024,3
3024,4
3024,5
3024,6
3024,7
3024,8
3024,9
3024,10
3024,11
3024,12
3024,13
3024,14
3024,15
3024,16
3024,17
3024,18
3024,19
3024,20
3024,21
3024,22
3024,23
3024,24
3024,25
3024,26
3024,27
3024,28
3024,29
3024,30
3025,1
3025,2
3025,3
3025,4
3025,5
3025,6
3025,7
3025,8
3025,9
3025,10
3025,11
3025,12
3025,13
3025,14
3025,15
3025,16
3025,17
3025,18
3025,19
3025,20
3025,21
3025,22
3025,23
3025,24
3025,25
3025,26
3025,27
3025,28
3025,29
3025,30
3026,1
3026,2
3026,3
3026,4
3026,5
3026,6
3026,7
3026,8
3026,9
3026,10
3026,11
3026,12
3026,13
3026,14
3026,15
3026,16
3026,17
3026,18
3026,19
3026,20
3026,21
3026,22
3026,23
3026,24
3026,25
3026,26
3026,27
3026,28
3026,29
3026,30
3027,1
3027,2
3027,3
3027,4
3027,5
3027,6
3027,7
3027,8
3027,9
3027,10
3027,11
3027,12
3027,13
3027,14
3027,15
3027,16
3027,17
3027,18
3027,19
3027,20
3027,21
3027,22
3027,23
3027,24
3027,25
3027,26
3027,27
3027,28
3027,29
3027,30
3028,1
3028,2
3028,3
3028,4
3028,5
3028,6
3028,7
3028,8
3028,9
3028,10
3028,11
3028,12
3028,13
3028,14
3028,15
3028,16
3028,17
3028,18
3028,19
3028,20
3028,21
3028,22
3028,23
3028,24
3028,25
3028,26
3028,27
3028,28
3028,29
3028,30
3029,1
3029,2
3029,3
3029,4
3029,5
3029,6
3029,7
3029,8
3029,9
3029,10
3029,11
3029,12
3029,13
3029,14
3029,15
3029,16
3029,17
3029,18
3029,19
3029,20
3029,21
3029,22
3029,23
3029,24
3029,25
3029,26
3029,27
3029,28
3029,29
3029,30
3030,1
3030,2
3030,3
3030,4
3030,5
3030,6
3030,7
3030,8
3030,9
3030,10
3030,11
3030,12
3030,13
3030,14
3030,15
3030,16
3030,17
3030,18
3030,19
3030,20
3030,21
3030,22
3030,23
3030,24
3030,25
3030,26
3030,27
3030,28
3030,29
3030,30
5001,1
5001,2
5001,3
5001,4
5001,5
5001,6
5001,7
5001,8
5001,9
5001,10
5001,11
5001,12
5001,13
5001,14
5001,15
5001,16
5001,17
5001,18
5001,19
5001,20
5001,21
5001,22
5001,23
5001,24
5001,25
5001,26
5001,27
5001,28
5001,29
5001,30
5002,1
5002,2
5002,3
5002,4
5002,5
5002,6
5002,7
5002,8
5002,9
5002,10
5002,11
5002,12
5002,13
5002,14
5002,15
5002,16
5002,17
5002,18
5002,19
5002,20
5002,21
5002,22
5002,23
5002,24
5002,25
5002,26
5002,27
5002,28
5002,29
5002,30
5003,1
5003,2
5003,3
5003,4
5003,5
5003,6
5003,7
5003,8
5003,9
5003,10
5003,11
5003,12
5003,13
5003,14
5003,15
5003,16
5003,17
5003,18
5003,19
5003,20
5003,21
5003,22
5003,23
5003,24
5003,25
5003,26
5003,27
5003,28
5003,29
5003,30
5004,1
5004,2
5004,3
5004,4
5004,5
5004,6
5004,7
5004,8
5004,9
5004,10
5004,11
5004,12
5004,13
5004,14
5004,15
5004,16
5004,17
5004,18
5004,19
5004,20
5004,21
5004,22
5004,23
5004,24
5004,25
5004,26
5004,27
5004,28
5004,29
5004,30
5005,1
5005,2
5005,3
5005,4
5005,5
5005,6
5005,7
5005,8
5005,9
5005,10
5005,11
5005,12
5005,13
5005,14
5005,15
5005,16
5005,17
5005,18
5005,19
5005,20
5005,21
5005,22
5005,23
5005,24
5005,25
5005,26
5005,27
5005,28
5005,29
5005,30
5006,1
5006,2
5006,3
5006,4
5006,5
5006,6
5006,7
5006,8
5006,9
5006,10
5006,11
5006,12
5006,13
5006,14
5006,15
5006,16
5006,17
5006,18
5006,19
5006,20
5006,21
5006,22
5006,23
5006,24
5006,25
5006,26
5006,27
5006,28
5006,29
5006,30
5007,1
5007,2
5007,3
5007,4
5007,5
5007,6
5007,7
5007,8
5007,9
5007,10
5007,11
5007,12
5007,13
5007,14
5007,15
5007,16
5007,17
5007,18
5007,19
5007,20
5007,21
5007,22
5007,23
5007,24
5007,25
5007,26
5007,27
5007,28
5007,29
5007,30
5008,1
5008,2
5008,3
5008,4
5008,5
5008,6
5008,7
5008,8
5008,9
5008,10
5008,11
5008,12
5008,13
5008,14
5008,15
5008,16
5008,17
5008,18
5008,19
5008,20
5008,21
5008,22
5008,23
5008,24
5008,25
5008,26
5008,27
5008,28
5008,29
5008,30
5009,1
5009,2
5009,3
5009,4
5009,5
5009,6
5009,7
5009,8
5009,9
5009,10
5009,11
5009,12
5009,13
5009,14
5009,15
5009,16
5009,17
5009,18
5009,19
5009,20
5009,21
5009,22
5009,23
5009,24
5009,25
5009,26
5009,27
5009,28
5009,29
5009,30
5010,1
5010,2
5010,3
5010,4
5010,5
5010,6
5010,7
5010,8
5010,9
5010,10
5010,11
5010,12
5010,13
5010,14
5010,15
5010,16
5010,17
5010,18
5010,19
5010,20
5010,21
5010,22
5010,23
5010,24
5010,25
5010,26
5010,27
5010,28
5010,29
5010,30
5011,1
5011,2
5011,3
5011,4
5011,5
5011,6
5011,7
5011,8
5011,9
5011,10
5011,11
5011,12
5011,13
5011,14
5011,15
5011,16
5011,17
5011,18
5011,19
5011,20
5011,21
5011,22
5011,23
5011,24
5011,25
5011,26
5011,27
5011,28
5011,29
5011,30
5012,1
5012,2
5012,3
5012,4
5012,5
5012,6
5012,7
5012,8
5012,9
5012,10
5012,11
5012,12
5012,13
5012,14
5012,15
5012,16
5012,17
5012,18
5012,19
5012,20
5012,21
5012,22
5012,23
5012,24
5012,25
5012,26
5012,27
5012,28
5012,29
5012,30
5013,1
5013,2
5013,3
5013,4
5013,5
5013,6
5013,7
5013,8
5013,9
5013,10
5013,11
5013,12
5013,13
5013,14
5013,15
5013,16
5013,17
5013,18
5013,19
5013,20
5013,21
5013,22
5013,23
5013,24
5013,25
5013,26
5013,27
5013,28
5013,29
5013,30
5014,1
5014,2
5014,3
5014,4
5014,5
5014,6
5014,7
5014,8
5014,9
5014,10
5014,11
5014,12
5014,13
5014,14
5014,15
5014,16
5014,17
5014,18
5014,19
5014,20
5014,21
5014,22
5014,23
5014,24
5014,25
5014,26
5014,27
5014,28
5014,29
5014,30
5015,1
5015,2
5015,3
5015,4
5015,5
5015,6
5015,7
5015,8
5015,9
5015,10
5015,11
5015,12
5015,13
5015,14
5015,15
5015,16
5015,17
5015,18
5015,19
5015,20
5015,21
5015,22
5015,23
5015,24
5015,25
5015,26
5015,27
5015,28
5015,29
5015,30
5016,1
5016,2
5016,3
5016,4
5016,5
5016,6
5016,7
5016,8
5016,9
5016,10
5016,11
5016,12
5016,13
5016,14
5016,15
5016,16
5016,17
5016,18
5016,19
5016,20
5016,21
5016,22
5016,23
5016,24
5016,25
5016,26
5016,27
5016,28
5016,29
5016,30
5017,1
5017,2
5017,3
5017,4
5017,5
5017,6
5017,7
5017,8
5017,9
5017,10
5017,11
5017,12
5017,13
5017,14
5017,15
5017,16
5017,17
5017,18
5017,19
5017,20
5017,21
5017,22
5017,23
5017,24
5017,25
5017,26
5017,27
5017,28
5017,29
5017,30
5018,1
5018,2
5018,3
5018,4
5018,5
5018,6
5018,7
5018,8
5018,9
5018,10
5018,11
5018,12
5018,13
5018,14
5018,15
5018,16
5018,17
5018,18
5018,19
5018,20
5018,21
5018,22
5018,23
5018,24
5018,25
5018,26
5018,27
5018,28
5018,29
5018,30
5019,1
5019,2
5019,3
5019,4
5019,5
5019,6
5019,7
5019,8
5019,9
5019,10
5019,11
5019,12
5019,13
5019,14
5019,15
5019,16
5019,17
5019,18
5019,19
5019,20
5019,21
5019,22
5019,23
5019,24
5019,25
5019,26
5019,27
5019,28
5019,29
5019,30
5020,1
5020,2
5020,3
5020,4
5020,5
5020,6
5020,7
5020,8
5020,9
5020,10
5020,11
5020,12
5020,13
5020,14
5020,15
5020,16
5020,17
5020,18
5020,19
5020,20
5020,21
5020,22
5020,23
5020,24
5020,25
5020,26
5020,27
5020,28
5020,29
5020,30
5021,1
5021,2
5021,3
5021,4
5021,5
5021,6
5021,7
5021,8
5021,9
5021,10
5021,11
5021,12
5021,13
5021,14
5021,15
5021,16
5021,17
5021,18
5021,19
5021,20
5021,21
5021,22
5021,23
5021,24
5021,25
5021,26
5021,27
5021,28
5021,29
5021,30
5022,1
5022,2
5022,3
5022,4
5022,5
5022,6
5022,7
5022,8
5022,9
5022,10
5022,11
5022,12
5022,13
5022,14
5022,15
5022,16
5022,17
5022,18
5022,19
5022,20
5022,21
5022,22
5022,23
5022,24
5022,25
5022,26
5022,27
5022,28
5022,29
5022,30
5023,1
5023,2
5023,3
5023,4
5023,5
5023,6
5023,7
5023,8
5023,9
5023,10
5023,11
5023,12
5023,13
5023,14
5023,15
5023,16
5023,17
5023,18
5023,19
5023,20
5023,21
5023,22
5023,23
5023,24
5023,25
5023,26
5023,27
5023,28
5023,29
5023,30
5024,1
5024,2
5024,3
5024,4
5024,5
5024,6
5024,7
5024,8
5024,9
5024,10
5024,11
5024,12
5024,13
5024,14
5024,15
5024,16
5024,17
5024,18
5024,19
5024,20
5024,21
5024,22
5024,23
5024,24
5024,25
5024,26
5024,27
5024,28
5024,29
5024,30
5025,1
5025,2
5025,3
5025,4
5025,5
5025,6
5025,7
5025,8
5025,9
5025,10
5025,11
5025,12
5025,13
5025,14
5025,15
5025,16
5025,17
5025,18
5025,19
5025,20
5025,21
5025,22
5025,23
5025,24
5025,25
5025,26
5025,27
5025,28
5025,29
5025,30
6001,1
6001,2
6001,3
6001,4
6001,5
6001,6
6001,7
6001,8
6001,9
6001,10
6001,11
6001,12
6001,13
6001,14
6001,15
6001,16
6001,17
6001,18
6001,19
6001,20
6001,21
6001,22
6001,23
6001,24
6001,25
6001,26
6001,27
6001,28
6001,29
6001,30
6002,1
6002,2
6002,3
6002,4
6002,5
6002,6
6002,7
6002,8
6002,9
6002,10
6002,11
6002,12
6002,13
6002,14
6002,15
6002,16
6002,17
6002,18
6002,19
6002,20
6002,21
6002,22
6002,23
6002,24
6002,25
6002,26
6002,27
6002,28
6002,29
6002,30
6003,1
6003,2
6003,3
6003,4
6003,5
6003,6
6003,7
6003,8
6003,9
6003,10
6003,11
6003,12
6003,13
6003,14
6003,15
6003,16
6003,17
6003,18
6003,19
6003,20
6003,21
6003,22
6003,23
6003,24
6003,25
6003,26
6003,27
6003,28
6003,29
6003,30
6004,1
6004,2
6004,3
6004,4
6004,5
6004,6
6004,7
6004,8
6004,9
6004,10
6004,11
6004,12
6004,13
6004,14
6004,15
6004,16
6004,17
6004,18
6004,19
6004,20
6004,21
6004,22
6004,23
6004,24
6004,25
6004,26
6004,27
6004,28
6004,29
6004,30
6005,1
6005,2
6005,3
6005,4
6005,5
6005,6
6005,7
6005,8
6005,9
6005,10
6005,11
6005,12
6005,13
6005,14
6005,15
6005,16
6005,17
6005,18
6005,19
6005,20
6005,21
6005,22
6005,23
6005,24
6005,25
6005,26
6005,27
6005,28
6005,29
6005,30
6006,1
6006,2
6006,3
6006,4
6006,5
6006,6
6006,7
6006,8
6006,9
6006,10
6006,11
6006,12
6006,13
6006,14
6006,15
6006,16
6006,17
6006,18
6006,19
6006,20
6006,21
6006,22
6006,23
6006,24
6006,25
6006,26
6006,27
6006,28
6006,29
6006,30
6007,1
6007,2
6007,3
6007,4
6007,5
6007,6
6007,7
6007,8
6007,9
6007,10
6007,11
6007,12
6007,13
6007,14
6007,15
6007,16
6007,17
6007,18
6007,19
6007,20
6007,21
6007,22
6007,23
6007,24
6007,25
6007,26
6007,27
6007,28
6007,29
6007,30
6008,1
6008,2
6008,3
6008,4
6008,5
6008,6
6008,7
6008,8
6008,9
6008,10
6008,11
6008,12
6008,13
6008,14
6008,15
6008,16
6008,17
6008,18
6008,19
6008,20
6008,21
6008,22
6008,23
6008,24
6008,25
6008,26
6008,27
6008,28
6008,29
6008,30
6009,1
6009,2
6009,3
6009,4
6009,5
6009,6
6009,7
6009,8
6009,9
6009,10
6009,11
6009,12
6009,13
6009,14
6009,15
6009,16
6009,17
6009,18
6009,19
6009,20
6009,21
6009,22
6009,23
6009,24
6009,25
6009,26
6009,27
6009,28
6009,29
6009,30
6010,1
6010,2
6010,3
6010,4
6010,5
6010,6
6010,7
6010,8
6010,9
6010,10
6010,11
6010,12
6010,13
6010,14
6010,15
6010,16
6010,17
6010,18
6010,19
6010,20
6010,21
6010,22
6010,23
6010,24
6010,25
6010,26
6010,27
6010,28
6010,29
6010,30
6011,1
6011,2
6011,3
6011,4
6011,5
6011,6
6011,7
6011,8
6011,9
6011,10
6011,11
6011,12
6011,13
6011,14
6011,15
6011,16
6011,17
6011,18
6011,19
6011,20
6011,21
6011,22
6011,23
6011,24
6011,25
6011,26
6011,27
6011,28
6011,29
6011,30
6012,1
6012,2
6012,3
6012,4
6012,5
6012,6
6012,7
6012,8
6012,9
6012,10
6012,11
6012,12
6012,13
6012,14
6012,15
6012,16
6012,17
6012,18
6012,19
6012,20
6012,21
6012,22
6012,23
6012,24
6012,25
6012,26
6012,27
6012,28
6012,29
6012,30
6013,1
6013,2
6013,3
6013,4
6013,5
6013,6
6013,7
6013,8
6013,9
6013,10
6013,11
6013,12
6013,13
6013,14
6013,15
6013,16
6013,17
6013,18
6013,19
6013,20
6013,21
6013,22
6013,23
6013,24
6013,25
6013,26
6013,27
6013,28
6013,29
6013,30
6014,1
6014,2
6014,3
6014,4
6014,5
6014,6
6014,7
6014,8
6014,9
6014,10
6014,11
6014,12
6014,13
6014,14
6014,15
6014,16
6014,17
6014,18
6014,19
6014,20
6014,21
6014,22
6014,23
6014,24
6014,25
6014,26
6014,27
6014,28
6014,29
6014,30
6015,1
6015,2
6015,3
6015,4
6015,5
6015,6
6015,7
6015,8
6015,9
6015,10
6015,11
6015,12
6015,13
6015,14
6015,15
6015,16
6015,17
6015,18
6015,19
6015,20
6015,21
6015,22
6015,23
6015,24
6015,25
6015,26
6015,27
6015,28
6015,29
6015,30
6016,1
6016,2
6016,3
6016,4
6016,5
6016,6
6016,7
6016,8
6016,9
6016,10
6016,11
6016,12
6016,13
6016,14
6016,15
6016,16
6016,17
6016,18
6016,19
6016,20
6016,21
6016,22
6016,23
6016,24
6016,25
6016,26
6016,27
6016,28
6016,29
6016,30
6017,1
6017,2
6017,3
6017,4
6017,5
6017,6
6017,7
6017,8
6017,9
6017,10
6017,11
6017,12
6017,13
6017,14
6017,15
6017,16
6017,17
6017,18
6017,19
6017,20
6017,21
6017,22
6017,23
6017,24
6017,25
6017,26
6017,27
6017,28
6017,29
6017,30
6018,1
6018,2
6018,3
6018,4
6018,5
6018,6
6018,7
6018,8
6018,9
6018,10
6018,11
6018,12
6018,13
6018,14
6018,15
6018,16
6018,17
6018,18
6018,19
6018,20
6018,21
6018,22
6018,23
6018,24
6018,25
6018,26
6018,27
6018,28
6018,29
6018,30
6019,1
6019,2
6019,3
6019,4
6019,5
6019,6
6019,7
6019,8
6019,9
6019,10
6019,11
6019,12
6019,13
6019,14
6019,15
6019,16
6019,17
6019,18
6019,19
6019,20
6019,21
6019,22
6019,23
6019,24
6019,25
6019,26
6019,27
6019,28
6019,29
6019,30
6020,1
6020,2
6020,3
6020,4
6020,5
6020,6
6020,7
6020,8
6020,9
6020,10
6020,11
6020,12
6020,13
6020,14
6020,15
6020,16
6020,17
6020,18
6020,19
6020,20
6020,21
6020,22
6020,23
6020,24
6020,25
6020,26
6020,27
6020,28
6020,29
6020,30
6021,1
6021,2
6021,3
6021,4
6021,5
6021,6
6021,7
6021,8
6021,9
6021,10
6021,11
6021,12
6021,13
6021,14
6021,15
6021,16
6021,17
6021,18
6021,19
6021,20
6021,21
6021,22
6021,23
6021,24
6021,25
6021,26
6021,27
6021,28
6021,29
6021,30
6022,1
6022,2
6022,3
6022,4
6022,5
6022,6
6022,7
6022,8
6022,9
6022,10
6022,11
6022,12
6022,13
6022,14
6022,15
6022,16
6022,17
6022,18
6022,19
6022,20
6022,21
6022,22
6022,23
6022,24
6022,25
6022,26
6022,27
6022,28
6022,29
6022,30
6023,1
6023,2
6023,3
6023,4
6023,5
6023,6
6023,7
6023,8
6023,9
6023,10
6023,11
6023,12
6023,13
6023,14
6023,15
6023,16
6023,17
6023,18
6023,19
6023,20
6023,21
6023,22
6023,23
6023,24
6023,25
6023,26
6023,27
6023,28
6023,29
6023,30
6024,1
6024,2
6024,3
6024,4
6024,5
6024,6
6024,7
6024,8
6024,9
6024,10
6024,11
6024,12
6024,13
6024,14
6024,15
6024,16
6024,17
6024,18
6024,19
6024,20
6024,21
6024,22
6024,23
6024,24
6024,25
6024,26
6024,27
6024,28
6024,29
6024,30
6025,1
6025,2
6025,3
6025,4
6025,5
6025,6
6025,7
6025,8
6025,9
6025,10
6025,11
6025,12
6025,13
6025,14
6025,15
6025,16
6025,17
6025,18
6025,19
6025,20
6025,21
6025,22
6025,23
6025,24
6025,25
6025,26
6025,27
6025,28
6025,29
6025,30
4001,1
4001,2
4001,3
4001,4
4001,5
4001,6
4001,7
4001,8
4001,9
4001,10
4001,11
4001,12
4001,13
4001,14
4001,15
4001,16
4001,17
4001,18
4001,19
4001,20
4001,21
4001,22
4001,23
4001,24
4001,25
4001,26
4001,27
4001,28
4001,29
4001,30
4002,1
4002,2
4002,3
4002,4
4002,5
4002,6
4002,7
4002,8
4002,9
4002,10
4002,11
4002,12
4002,13
4002,14
4002,15
4002,16
4002,17
4002,18
4002,19
4002,20
4002,21
4002,22
4002,23
4002,24
4002,25
4002,26
4002,27
4002,28
4002,29
4002,30
4003,1
4003,2
4003,3
4003,4
4003,5
4003,6
4003,7
4003,8
4003,9
4003,10
4003,11
4003,12
4003,13
4003,14
4003,15
4003,16
4003,17
4003,18
4003,19
4003,20
4003,21
4003,22
4003,23
4003,24
4003,25
4003,26
4003,27
4003,28
4003,29
4003,30
4004,1
4004,2
4004,3
4004,4
4004,5
4004,6
4004,7
4004,8
4004,9
4004,10
4004,11
4004,12
4004,13
4004,14
4004,15
4004,16
4004,17
4004,18
4004,19
4004,20
4004,21
4004,22
4004,23
4004,24
4004,25
4004,26
4004,27
4004,28
4004,29
4004,30
4005,1
4005,2
4005,3
4005,4
4005,5
4005,6
4005,7
4005,8
4005,9
4005,10
4005,11
4005,12
4005,13
4005,14
4005,15
4005,16
4005,17
4005,18
4005,19
4005,20
4005,21
4005,22
4005,23
4005,24
4005,25
4005,26
4005,27
4005,28
4005,29
4005,30
4006,1
4006,2
4006,3
4006,4
4006,5
4006,6
4006,7
4006,8
4006,9
4006,10
4006,11
4006,12
4006,13
4006,14
4006,15
4006,16
4006,17
4006,18
4006,19
4006,20
4006,21
4006,22
4006,23
4006,24
4006,25
4006,26
4006,27
4006,28
4006,29
4006,30
4007,1
4007,2
4007,3
4007,4
4007,5
4007,6
4007,7
4007,8
4007,9
4007,10
4007,11
4007,12
4007,13
4007,14
4007,15
4007,16
4007,17
4007,18
4007,19
4007,20
4007,21
4007,22
4007,23
4007,24
4007,25
4007,26
4007,27
4007,28
4007,29
4007,30
4008,1
4008,2
4008,3
4008,4
4008,5
4008,6
4008,7
4008,8
4008,9
4008,10
4008,11
4008,12
4008,13
4008,14
4008,15
4008,16
4008,17
4008,18
4008,19
4008,20
4008,21
4008,22
4008,23
4008,24
4008,25
4008,26
4008,27
4008,28
4008,29
4008,30
4009,1
4009,2
4009,3
4009,4
4009,5
4009,6
4009,7
4009,8
4009,9
4009,10
4009,11
4009,12
4009,13
4009,14
4009,15
4009,16
4009,17
4009,18
4009,19
4009,20
4009,21
4009,22
4009,23
4009,24
4009,25
4009,26
4009,27
4009,28
4009,29
4009,30
4010,1
4010,2
4010,3
4010,4
4010,5
4010,6
4010,7
4010,8
4010,9
4010,10
4010,11
4010,12
4010,13
4010,14
4010,15
4010,16
4010,17
4010,18
4010,19
4010,20
4010,21
4010,22
4010,23
4010,24
4010,25
4010,26
4010,27
4010,28
4010,29
4010,30
4011,1
4011,2
4011,3
4011,4
4011,5
4011,6
4011,7
4011,8
4011,9
4011,10
4011,11
4011,12
4011,13
4011,14
4011,15
4011,16
4011,17
4011,18
4011,19
4011,20
4011,21
4011,22
4011,23
4011,24
4011,25
4011,26
4011,27
4011,28
4011,29
4011,30
4012,1
4012,2
4012,3
4012,4
4012,5
4012,6
4012,7
4012,8
4012,9
4012,10
4012,11
4012,12
4012,13
4012,14
4012,15
4012,16
4012,17
4012,18
4012,19
4012,20
4012,21
4012,22
4012,23
4012,24
4012,25
4012,26
4012,27
4012,28
4012,29
4012,30
4013,1
4013,2
4013,3
4013,4
4013,5
4013,6
4013,7
4013,8
4013,9
4013,10
4013,11
4013,12
4013,13
4013,14
4013,15
4013,16
4013,17
4013,18
4013,19
4013,20
4013,21
4013,22
4013,23
4013,24
4013,25
4013,26
4013,27
4013,28
4013,29
4013,30
4014,1
4014,2
4014,3
4014,4
4014,5
4014,6
4014,7
4014,8
4014,9
4014,10
4014,11
4014,12
4014,13
4014,14
4014,15
4014,16
4014,17
4014,18
4014,19
4014,20
4014,21
4014,22
4014,23
4014,24
4014,25
4014,26
4014,27
4014,28
4014,29
4014,30
4015,1
4015,2
4015,3
4015,4
4015,5
4015,6
4015,7
4015,8
4015,9
4015,10
4015,11
4015,12
4015,13
4015,14
4015,15
4015,16
4015,17
4015,18
4015,19
4015,20
4015,21
4015,22
4015,23
4015,24
4015,25
4015,26
4015,27
4015,28
4015,29
4015,30
4016,1
4016,2
4016,3
4016,4
4016,5
4016,6
4016,7
4016,8
4016,9
4016,10
4016,11
4016,12
4016,13
4016,14
4016,15
4016,16
4016,17
4016,18
4016,19
4016,20
4016,21
4016,22
4016,23
4016,24
4016,25
4016,26
4016,27
4016,28
4016,29
4016,30
4017,1
4017,2
4017,3
4017,4
4017,5
4017,6
4017,7
4017,8
4017,9
4017,10
4017,11
4017,12
4017,13
4017,14
4017,15
4017,16
4017,17
4017,18
4017,19
4017,20
4017,21
4017,22
4017,23
4017,24
4017,25
4017,26
4017,27
4017,28
4017,29
4017,30
4018,1
4018,2
4018,3
4018,4
4018,5
4018,6
4018,7
4018,8
4018,9
4018,10
4018,11
4018,12
4018,13
4018,14
4018,15
4018,16
4018,17
4018,18
4018,19
4018,20
4018,21
4018,22
4018,23
4018,24
4018,25
4018,26
4018,27
4018,28
4018,29
4018,30
4019,1
4019,2
4019,3
4019,4
4019,5
4019,6
4019,7
4019,8
4019,9
4019,10
4019,11
4019,12
4019,13
4019,14
4019,15
4019,16
4019,17
4019,18
4019,19
4019,20
4019,21
4019,22
4019,23
4019,24
4019,25
4019,26
4019,27
4019,28
4019,29
4019,30
4020,1
4020,2
4020,3
4020,4
4020,5
4020,6
4020,7
4020,8
4020,9
4020,10
4020,11
4020,12
4020,13
4020,14
4020,15
4020,16
4020,17
4020,18
4020,19
4020,20
4020,21
4020,22
4020,23
4020,24
4020,25
4020,26
4020,27
4020,28
4020,29
4020,30
4021,1
4021,2
4021,3
4021,4
4021,5
4021,6
4021,7
4021,8
4021,9
4021,10
4021,11
4021,12
4021,13
4021,14
4021,15
4021,16
4021,17
4021,18
4021,19
4021,20
4021,21
4021,22
4021,23
4021,24
4021,25
4021,26
4021,27
4021,28
4021,29
4021,30
4022,1
4022,2
4022,3
4022,4
4022,5
4022,6
4022,7
4022,8
4022,9
4022,10
4022,11
4022,12
4022,13
4022,14
4022,15
4022,16
4022,17
4022,18
4022,19
4022,20
4022,21
4022,22
4022,23
4022,24
4022,25
4022,26
4022,27
4022,28
4022,29
4022,30
4023,1
4023,2
4023,3
4023,4
4023,5
4023,6
4023,7
4023,8
4023,9
4023,10
4023,11
4023,12
4023,13
4023,14
4023,15
4023,16
4023,17
4023,18
4023,19
4023,20
4023,21
4023,22
4023,23
4023,24
4023,25
4023,26
4023,27
4023,28
4023,29
4023,30
4024,1
4024,2
4024,3
4024,4
4024,5
4024,6
4024,7
4024,8
4024,9
4024,10
4024,11
4024,12
4024,13
4024,14
4024,15
4024,16
4024,17
4024,18
4024,19
4024,20
4024,21
4024,22
4024,23
4024,24
4024,25
4024,26
4024,27
4024,28
4024,29
4024,30
4025,1
4025,2
4025,3
4025,4
4025,5
4025,6
4025,7
4025,8
4025,9
4025,10
4025,11
4025,12
4025,13
4025,14
4025,15
4025,16
4025,17
4025,18
4025,19
4025,20
4025,21
4025,22
4025,23
4025,24
4025,25
4025,26
4025,27
4025,28
4025,29
4025,30
4026,1
4026,2
4026,3
4026,4
4026,5
4026,6
4026,7
4026,8
4026,9
4026,10
4026,11
4026,12
4026,13
4026,14
4026,15
4026,16
4026,17
4026,18
4026,19
4026,20
4026,21
4026,22
4026,23
4026,24
4026,25
4026,26
4026,27
4026,28
4026,29
4026,30
4027,1
4027,2
4027,3
4027,4
4027,5
4027,6
4027,7
4027,8
4027,9
4027,10
4027,11
4027,12
4027,13
4027,14
4027,15
4027,16
4027,17
4027,18
4027,19
4027,20
4027,21
4027,22
4027,23
4027,24
4027,25
4027,26
4027,27
4027,28
4027,29
4027,30
4028,1
4028,2
4028,3
4028,4
4028,5
4028,6
4028,7
4028,8
4028,9
4028,10
4028,11
4028,12
4028,13
4028,14
4028,15
4028,16
4028,17
4028,18
4028,19
4028,20
4028,21
4028,22
4028,23
4028,24
4028,25
4028,26
4028,27
4028,28
4028,29
4028,30
4029,1
4029,2
4029,3
4029,4
4029,5
4029,6
4029,7
4029,8
4029,9
4029,10
4029,11
4029,12
4029,13
4029,14
4029,15
4029,16
4029,17
4029,18
4029,19
4029,20
4029,21
4029,22
4029,23
4029,24
4029,25
4029,26
4029,27
4029,28
4029,29
4029,30
4030,1
4030,2
4030,3
4030,4
4030,5
4030,6
4030,7
4030,8
4030,9
4030,10
4030,11
4030,12
4030,13
4030,14
4030,15
4030,16
4030,17
4030,18
4030,19
4030,20
4030,21
4030,22
4030,23
4030,24
4030,25
4030,26
4030,27
4030,28
4030,29
4030,30
4031,1
4031,2
4031,3
4031,4
4031,5
4031,6
4031,7
4031,8
4031,9
4031,10
4031,11
4031,12
4031,13
4031,14
4031,15
4031,16
4031,17
4031,18
4031,19
4031,20
4031,21
4031,22
4031,23
4031,24
4031,25
4031,26
4031,27
4031,28
4031,29
4031,30
4032,1
4032,2
4032,3
4032,4
4032,5
4032,6
4032,7
4032,8
4032,9
4032,10
4032,11
4032,12
4032,13
4032,14
4032,15
4032,16
4032,17
4032,18
4032,19
4032,20
4032,21
4032,22
4032,23
4032,24
4032,25
4032,26
4032,27
4032,28
4032,29
4032,30
4033,1
4033,2
4033,3
4033,4
4033,5
4033,6
4033,7
4033,8
4033,9
4033,10
4033,11
4033,12
4033,13
4033,14
4033,15
4033,16
4033,17
4033,18
4033,19
4033,20
4033,21
4033,22
4033,23
4033,24
4033,25
4033,26
4033,27
4033,28
4033,29
4033,30
4034,1
4034,2
4034,3
4034,4
4034,5
4034,6
4034,7
4034,8
4034,9
4034,10
4034,11
4034,12
4034,13
4034,14
4034,15
4034,16
4034,17
4034,18
4034,19
4034,20
4034,21
4034,22
4034,23
4034,24
4034,25
4034,26
4034,27
4034,28
4034,29
4034,30
4035,1
4035,2
4035,3
4035,4
4035,5
4035,6
4035,7
4035,8
4035,9
4035,10
4035,11
4035,12
4035,13
4035,14
4035,15
4035,16
4035,17
4035,18
4035,19
4035,20
4035,21
4035,22
4035,23
4035,24
4035,25
4035,26
4035,27
4035,28
4035,29
4035,30
4036,1
4036,2
4036,3
4036,4
4036,5
4036,6
4036,7
4036,8
4036,9
4036,10
4036,11
4036,12
4036,13
4036,14
4036,15
4036,16
4036,17
4036,18
4036,19
4036,20
4036,21
4036,22
4036,23
4036,24
4036,25
4036,26
4036,27
4036,28
4036,29
4036,30
4037,1
4037,2
4037,3
4037,4
4037,5
4037,6
4037,7
4037,8
4037,9
4037,10
4037,11
4037,12
4037,13
4037,14
4037,15
4037,16
4037,17
4037,18
4037,19
4037,20
4037,21
4037,22
4037,23
4037,24
4037,25
4037,26
4037,27
4037,28
4037,29
4037,30
4038,1
4038,2
4038,3
4038,4
4038,5
4038,6
4038,7
4038,8
4038,9
4038,10
4038,11
4038,12
4038,13
4038,14
4038,15
4038,16
4038,17
4038,18
4038,19
4038,20
4038,21
4038,22
4038,23
4038,24
4038,25
4038,26
4038,27
4038,28
4038,29
4038,30
4039,1
4039,2
4039,3
4039,4
4039,5
4039,6
4039,7
4039,8
4039,9
4039,10
4039,11
4039,12
4039,13
4039,14
4039,15
4039,16
4039,17
4039,18
4039,19
4039,20
4039,21
4039,22
4039,23
4039,24
4039,25
4039,26
4039,27
4039,28
4039,29
4039,30
4040,1
4040,2
4040,3
4040,4
4040,5
4040,6
4040,7
4040,8
4040,9
4040,10
4040,11
4040,12
4040,13
4040,14
4040,15
4040,16
4040,17
4040,18
4040,19
4040,20
4040,21
4040,22
4040,23
4040,24
4040,25
4040,26
4040,27
4040,28
4040,29
4040,30
8001,1
8001,2
8001,3
8001,4
8001,5
8001,6
8001,7
8001,8
8001,9
8001,10
8001,11
8001,12
8001,13
8001,14
8001,15
8001,16
8001,17
8001,18
8001,19
8001,20
8001,21
8001,22
8001,23
8001,24
8001,25
8001,26
8001,27
8001,28
8001,29
8001,30
8002,1
8002,2
8002,3
8002,4
8002,5
8002,6
8002,7
8002,8
8002,9
8002,10
8002,11
8002,12
8002,13
8002,14
8002,15
8002,16
8002,17
8002,18
8002,19
8002,20
8002,21
8002,22
8002,23
8002,24
8002,25
8002,26
8002,27
8002,28
8002,29
8002,30
8003,1
8003,2
8003,3
8003,4
8003,5
8003,6
8003,7
8003,8
8003,9
8003,10
8003,11
8003,12
8003,13
8003,14
8003,15
8003,16
8003,17
8003,18
8003,19
8003,20
8003,21
8003,22
8003,23
8003,24
8003,25
8003,26
8003,27
8003,28
8003,29
8003,30
8004,1
8004,2
8004,3
8004,4
8004,5
8004,6
8004,7
8004,8
8004,9
8004,10
8004,11
8004,12
8004,13
8004,14
8004,15
8004,16
8004,17
8004,18
8004,19
8004,20
8004,21
8004,22
8004,23
8004,24
8004,25
8004,26
8004,27
8004,28
8004,29
8004,30
8005,1
8005,2
8005,3
8005,4
8005,5
8005,6
8005,7
8005,8
8005,9
8005,10
8005,11
8005,12
8005,13
8005,14
8005,15
8005,16
8005,17
8005,18
8005,19
8005,20
8005,21
8005,22
8005,23
8005,24
8005,25
8005,26
8005,27
8005,28
8005,29
8005,30
8006,1
8006,2
8006,3
8006,4
8006,5
8006,6
8006,7
8006,8
8006,9
8006,10
8006,11
8006,12
8006,13
8006,14
8006,15
8006,16
8006,17
8006,18
8006,19
8006,20
8006,21
8006,22
8006,23
8006,24
8006,25
8006,26
8006,27
8006,28
8006,29
8006,30
8007,1
8007,2
8007,3
8007,4
8007,5
8007,6
8007,7
8007,8
8007,9
8007,10
8007,11
8007,12
8007,13
8007,14
8007,15
8007,16
8007,17
8007,18
8007,19
8007,20
8007,21
8007,22
8007,23
8007,24
8007,25
8007,26
8007,27
8007,28
8007,29
8007,30
8008,1
8008,2
8008,3
8008,4
8008,5
8008,6
8008,7
8008,8
8008,9
8008,10
8008,11
8008,12
8008,13
8008,14
8008,15
8008,16
8008,17
8008,18
8008,19
8008,20
8008,21
8008,22
8008,23
8008,24
8008,25
8008,26
8008,27
8008,28
8008,29
8008,30
8009,1
8009,2
8009,3
8009,4
8009,5
8009,6
8009,7
8009,8
8009,9
8009,10
8009,11
8009,12
8009,13
8009,14
8009,15
8009,16
8009,17
8009,18
8009,19
8009,20
8009,21
8009,22
8009,23
8009,24
8009,25
8009,26
8009,27
8009,28
8009,29
8009,30
8010,1
8010,2
8010,3
8010,4
8010,5
8010,6
8010,7
8010,8
8010,9
8010,10
8010,11
8010,12
8010,13
8010,14
8010,15
8010,16
8010,17
8010,18
8010,19
8010,20
8010,21
8010,22
8010,23
8010,24
8010,25
8010,26
8010,27
8010,28
8010,29
8010,30
8011,1
8011,2
8011,3
8011,4
8011,5
8011,6
8011,7
8011,8
8011,9
8011,10
8011,11
8011,12
8011,13
8011,14
8011,15
8011,16
8011,17
8011,18
8011,19
8011,20
8011,21
8011,22
8011,23
8011,24
8011,25
8011,26
8011,27
8011,28
8011,29
8011,30
8012,1
8012,2
8012,3
8012,4
8012,5
8012,6
8012,7
8012,8
8012,9
8012,10
8012,11
8012,12
8012,13
8012,14
8012,15
8012,16
8012,17
8012,18
8012,19
8012,20
8012,21
8012,22
8012,23
8012,24
8012,25
8012,26
8012,27
8012,28
8012,29
8012,30
8013,1
8013,2
8013,3
8013,4
8013,5
8013,6
8013,7
8013,8
8013,9
8013,10
8013,11
8013,12
8013,13
8013,14
8013,15
8013,16
8013,17
8013,18
8013,19
8013,20
8013,21
8013,22
8013,23
8013,24
8013,25
8013,26
8013,27
8013,28
8013,29
8013,30
8014,1
8014,2
8014,3
8014,4
8014,5
8014,6
8014,7
8014,8
8014,9
8014,10
8014,11
8014,12
8014,13
8014,14
8014,15
8014,16
8014,17
8014,18
8014,19
8014,20
8014,21
8014,22
8014,23
8014,24
8014,25
8014,26
8014,27
8014,28
8014,29
8014,30
8015,1
8015,2
8015,3
8015,4
8015,5
8015,6
8015,7
8015,8
8015,9
8015,10
8015,11
8015,12
8015,13
8015,14
8015,15
8015,16
8015,17
8015,18
8015,19
8015,20
8015,21
8015,22
8015,23
8015,24
8015,25
8015,26
8015,27
8015,28
8015,29
8015,30
8016,1
8016,2
8016,3
8016,4
8016,5
8016,6
8016,7
8016,8
8016,9
8016,10
8016,11
8016,12
8016,13
8016,14
8016,15
8016,16
8016,17
8016,18
8016,19
8016,20
8016,21
8016,22
8016,23
8016,24
8016,25
8016,26
8016,27
8016,28
8016,29
8016,30
8017,1
8017,2
8017,3
8017,4
8017,5
8017,6
8017,7
8017,8
8017,9
8017,10
8017,11
8017,12
8017,13
8017,14
8017,15
8017,16
8017,17
8017,18
8017,19
8017,20
8017,21
8017,22
8017,23
8017,24
8017,25
8017,26
8017,27
8017,28
8017,29
8017,30
8018,1
8018,2
8018,3
8018,4
8018,5
8018,6
8018,7
8018,8
8018,9
8018,10
8018,11
8018,12
8018,13
8018,14
8018,15
8018,16
8018,17
8018,18
8018,19
8018,20
8018,21
8018,22
8018,23
8018,24
8018,25
8018,26
8018,27
8018,28
8018,29
8018,30
8019,1
8019,2
8019,3
8019,4
8019,5
8019,6
8019,7
8019,8
8019,9
8019,10
8019,11
8019,12
8019,13
8019,14
8019,15
8019,16
8019,17
8019,18
8019,19
8019,20
8019,21
8019,22
8019,23
8019,24
8019,25
8019,26
8019,27
8019,28
8019,29
8019,30
8020,1
8020,2
8020,3
8020,4
8020,5
8020,6
8020,7
8020,8
8020,9
8020,10
8020,11
8020,12
8020,13
8020,14
8020,15
8020,16
8020,17
8020,18
8020,19
8020,20
8020,21
8020,22
8020,23
8020,24
8020,25
8020,26
8020,27
8020,28
8020,29
8020,30
8021,1
8021,2
8021,3
8021,4
8021,5
8021,6
8021,7
8021,8
8021,9
8021,10
8021,11
8021,12
8021,13
8021,14
8021,15
8021,16
8021,17
8021,18
8021,19
8021,20
8021,21
8021,22
8021,23
8021,24
8021,25
8021,26
8021,27
8021,28
8021,29
8021,30
8022,1
8022,2
8022,3
8022,4
8022,5
8022,6
8022,7
8022,8
8022,9
8022,10
8022,11
8022,12
8022,13
8022,14
8022,15
8022,16
8022,17
8022,18
8022,19
8022,20
8022,21
8022,22
8022,23
8022,24
8022,25
8022,26
8022,27
8022,28
8022,29
8022,30
8023,1
8023,2
8023,3
8023,4
8023,5
8023,6
8023,7
8023,8
8023,9
8023,10
8023,11
8023,12
8023,13
8023,14
8023,15
8023,16
8023,17
8023,18
8023,19
8023,20
8023,21
8023,22
8023,23
8023,24
8023,25
8023,26
8023,27
8023,28
8023,29
8023,30
8024,1
8024,2
8024,3
8024,4
8024,5
8024,6
8024,7
8024,8
8024,9
8024,10
8024,11
8024,12
8024,13
8024,14
8024,15
8024,16
8024,17
8024,18
8024,19
8024,20
8024,21
8024,22
8024,23
8024,24
8024,25
8024,26
8024,27
8024,28
8024,29
8024,30
8025,1
8025,2
8025,3
8025,4
8025,5
8025,6
8025,7
8025,8
8025,9
8025,10
8025,11
8025,12
8025,13
8025,14
8025,15
8025,16
8025,17
8025,18
8025,19
8025,20
8025,21
8025,22
8025,23
8025,24
8025,25
8025,26
8025,27
8025,28
8025,29
8025,30
8026,1
8026,2
8026,3
8026,4
8026,5
8026,6
8026,7
8026,8
8026,9
8026,10
8026,11
8026,12
8026,13
8026,14
8026,15
8026,16
8026,17
8026,18
8026,19
8026,20
8026,21
8026,22
8026,23
8026,24
8026,25
8026,26
8026,27
8026,28
8026,29
8026,30
8027,1
8027,2
8027,3
8027,4
8027,5
8027,6
8027,7
8027,8
8027,9
8027,10
8027,11
8027,12
8027,13
8027,14
8027,15
8027,16
8027,17
8027,18
8027,19
8027,20
8027,21
8027,22
8027,23
8027,24
8027,25
8027,26
8027,27
8027,28
8027,29
8027,30
8028,1
8028,2
8028,3
8028,4
8028,5
8028,6
8028,7
8028,8
8028,9
8028,10
8028,11
8028,12
8028,13
8028,14
8028,15
8028,16
8028,17
8028,18
8028,19
8028,20
8028,21
8028,22
8028,23
8028,24
8028,25
8028,26
8028,27
8028,28
8028,29
8028,30
8029,1
8029,2
8029,3
8029,4
8029,5
8029,6
8029,7
8029,8
8029,9
8029,10
8029,11
8029,12
8029,13
8029,14
8029,15
8029,16
8029,17
8029,18
8029,19
8029,20
8029,21
8029,22
8029,23
8029,24
8029,25
8029,26
8029,27
8029,28
8029,29
8029,30
8030,1
8030,2
8030,3
8030,4
8030,5
8030,6
8030,7
8030,8
8030,9
8030,10
8030,11
8030,12
8030,13
8030,14
8030,15
8030,16
8030,17
8030,18
8030,19
8030,20
8030,21
8030,22
8030,23
8030,24
8030,25
8030,26
8030,27
8030,28
8030,29
8030,30
7001,1
7001,2
7001,3
7001,4
7001,5
7001,6
7001,7
7001,8
7001,9
7001,10
7001,11
7001,12
7001,13
7001,14
7001,15
7001,16
7001,17
7001,18
7001,19
7001,20
7001,21
7001,22
7001,23
7001,24
7001,25
7001,26
7001,27
7001,28
7001,29
7001,30
7002,1
7002,2
7002,3
7002,4
7002,5
7002,6
7002,7
7002,8
7002,9
7002,10
7002,11
7002,12
7002,13
7002,14
7002,15
7002,16
7002,17
7002,18
7002,19
7002,20
7002,21
7002,22
7002,23
7002,24
7002,25
7002,26
7002,27
7002,28
7002,29
7002,30
7003,1
7003,2
7003,3
7003,4
7003,5
7003,6
7003,7
7003,8
7003,9
7003,10
7003,11
7003,12
7003,13
7003,14
7003,15
7003,16
7003,17
7003,18
7003,19
7003,20
7003,21
7003,22
7003,23
7003,24
7003,25
7003,26
7003,27
7003,28
7003,29
7003,30
7004,1
7004,2
7004,3
7004,4
7004,5
7004,6
7004,7
7004,8
7004,9
7004,10
7004,11
7004,12
7004,13
7004,14
7004,15
7004,16
7004,17
7004,18
7004,19
7004,20
7004,21
7004,22
7004,23
7004,24
7004,25
7004,26
7004,27
7004,28
7004,29
7004,30
7005,1
7005,2
7005,3
7005,4
7005,5
7005,6
7005,7
7005,8
7005,9
7005,10
7005,11
7005,12
7005,13
7005,14
7005,15
7005,16
7005,17
7005,18
7005,19
7005,20
7005,21
7005,22
7005,23
7005,24
7005,25
7005,26
7005,27
7005,28
7005,29
7005,30
7006,1
7006,2
7006,3
7006,4
7006,5
7006,6
7006,7
7006,8
7006,9
7006,10
7006,11
7006,12
7006,13
7006,14
7006,15
7006,16
7006,17
7006,18
7006,19
7006,20
7006,21
7006,22
7006,23
7006,24
7006,25
7006,26
7006,27
7006,28
7006,29
7006,30
7007,1
7007,2
7007,3
7007,4
7007,5
7007,6
7007,7
7007,8
7007,9
7007,10
7007,11
7007,12
7007,13
7007,14
7007,15
7007,16
7007,17
7007,18
7007,19
7007,20
7007,21
7007,22
7007,23
7007,24
7007,25
7007,26
7007,27
7007,28
7007,29
7007,30
7008,1
7008,2
7008,3
7008,4
7008,5
7008,6
7008,7
7008,8
7008,9
7008,10
7008,11
7008,12
7008,13
7008,14
7008,15
7008,16
7008,17
7008,18
7008,19
7008,20
7008,21
7008,22
7008,23
7008,24
7008,25
7008,26
7008,27
7008,28
7008,29
7008,30
7009,1
7009,2
7009,3
7009,4
7009,5
7009,6
7009,7
7009,8
7009,9
7009,10
7009,11
7009,12
7009,13
7009,14
7009,15
7009,16
7009,17
7009,18
7009,19
7009,20
7009,21
7009,22
7009,23
7009,24
7009,25
7009,26
7009,27
7009,28
7009,29
7009,30
7010,1
7010,2
7010,3
7010,4
7010,5
7010,6
7010,7
7010,8
7010,9
7010,10
7010,11
7010,12
7010,13
7010,14
7010,15
7010,16
7010,17
7010,18
7010,19
7010,20
7010,21
7010,22
7010,23
7010,24
7010,25
7010,26
7010,27
7010,28
7010,29
7010,30
7011,1
7011,2
7011,3
7011,4
7011,5
7011,6
7011,7
7011,8
7011,9
7011,10
7011,11
7011,12
7011,13
7011,14
7011,15
7011,16
7011,17
7011,18
7011,19
7011,20
7011,21
7011,22
7011,23
7011,24
7011,25
7011,26
7011,27
7011,28
7011,29
7011,30
7012,1
7012,2
7012,3
7012,4
7012,5
7012,6
7012,7
7012,8
7012,9
7012,10
7012,11
7012,12
7012,13
7012,14
7012,15
7012,16
7012,17
7012,18
7012,19
7012,20
7012,21
7012,22
7012,23
7012,24
7012,25
7012,26
7012,27
7012,28
7012,29
7012,30
7013,1
7013,2
7013,3
7013,4
7013,5
7013,6
7013,7
7013,8
7013,9
7013,10
7013,11
7013,12
7013,13
7013,14
7013,15
7013,16
7013,17
7013,18
7013,19
7013,20
7013,21
7013,22
7013,23
7013,24
7013,25
7013,26
7013,27
7013,28
7013,29
7013,30
7014,1
7014,2
7014,3
7014,4
7014,5
7014,6
7014,7
7014,8
7014,9
7014,10
7014,11
7014,12
7014,13
7014,14
7014,15
7014,16
7014,17
7014,18
7014,19
7014,20
7014,21
7014,22
7014,23
7014,24
7014,25
7014,26
7014,27
7014,28
7014,29
7014,30
7015,1
7015,2
7015,3
7015,4
7015,5
7015,6
7015,7
7015,8
7015,9
7015,10
7015,11
7015,12
7015,13
7015,14
7015,15
7015,16
7015,17
7015,18
7015,19
7015,20
7015,21
7015,22
7015,23
7015,24
7015,25
7015,26
7015,27
7015,28
7015,29
7015,30
7016,1
7016,2
7016,3
7016,4
7016,5
7016,6
7016,7
7016,8
7016,9
7016,10
7016,11
7016,12
7016,13
7016,14
7016,15
7016,16
7016,17
7016,18
7016,19
7016,20
7016,21
7016,22
7016,23
7016,24
7016,25
7016,26
7016,27
7016,28
7016,29
7016,30
7017,1
7017,2
7017,3
7017,4
7017,5
7017,6
7017,7
7017,8
7017,9
7017,10
7017,11
7017,12
7017,13
7017,14
7017,15
7017,16
7017,17
7017,18
7017,19
7017,20
7017,21
7017,22
7017,23
7017,24
7017,25
7017,26
7017,27
7017,28
7017,29
7017,30
7018,1
7018,2
7018,3
7018,4
7018,5
7018,6
7018,7
7018,8
7018,9
7018,10
7018,11
7018,12
7018,13
7018,14
7018,15
7018,16
7018,17
7018,18
7018,19
7018,20
7018,21
7018,22
7018,23
7018,24
7018,25
7018,26
7018,27
7018,28
7018,29
7018,30
7019,1
7019,2
7019,3
7019,4
7019,5
7019,6
7019,7
7019,8
7019,9
7019,10
7019,11
7019,12
7019,13
7019,14
7019,15
7019,16
7019,17
7019,18
7019,19
7019,20
7019,21
7019,22
7019,23
7019,24
7019,25
7019,26
7019,27
7019,28
7019,29
7019,30
7020,1
7020,2
7020,3
7020,4
7020,5
7020,6
7020,7
7020,8
7020,9
7020,10
7020,11
7020,12
7020,13
7020,14
7020,15
7020,16
7020,17
7020,18
7020,19
7020,20
7020,21
7020,22
7020,23
7020,24
7020,25
7020,26
7020,27
7020,28
7020,29
7020,30
7021,1
7021,2
7021,3
7021,4
7021,5
7021,6
7021,7
7021,8
7021,9
7021,10
7021,11
7021,12
7021,13
7021,14
7021,15
7021,16
7021,17
7021,18
7021,19
7021,20
7021,21
7021,22
7021,23
7021,24
7021,25
7021,26
7021,27
7021,28
7021,29
7021,30
7022,1
7022,2
7022,3
7022,4
7022,5
7022,6
7022,7
7022,8
7022,9
7022,10
7022,11
7022,12
7022,13
7022,14
7022,15
7022,16
7022,17
7022,18
7022,19
7022,20
7022,21
7022,22
7022,23
7022,24
7022,25
7022,26
7022,27
7022,28
7022,29
7022,30
7023,1
7023,2
7023,3
7023,4
7023,5
7023,6
7023,7
7023,8
7023,9
7023,10
7023,11
7023,12
7023,13
7023,14
7023,15
7023,16
7023,17
7023,18
7023,19
7023,20
7023,21
7023,22
7023,23
7023,24
7023,25
7023,26
7023,27
7023,28
7023,29
7023,30
7024,1
7024,2
7024,3
7024,4
7024,5
7024,6
7024,7
7024,8
7024,9
7024,10
7024,11
7024,12
7024,13
7024,14
7024,15
7024,16
7024,17
7024,18
7024,19
7024,20
7024,21
7024,22
7024,23
7024,24
7024,25
7024,26
7024,27
7024,28
7024,29
7024,30
7025,1
7025,2
7025,3
7025,4
7025,5
7025,6
7025,7
7025,8
7025,9
7025,10
7025,11
7025,12
7025,13
7025,14
7025,15
7025,16
7025,17
7025,18
7025,19
7025,20
7025,21
7025,22
7025,23
7025,24
7025,25
7025,26
7025,27
7025,28
7025,29
7025,30
7026,1
7026,2
7026,3
7026,4
7026,5
7026,6
7026,7
7026,8
7026,9
7026,10
7026,11
7026,12
7026,13
7026,14
7026,15
7026,16
7026,17
7026,18
7026,19
7026,20
7026,21
7026,22
7026,23
7026,24
7026,25
7026,26
7026,27
7026,28
7026,29
7026,30
7027,1
7027,2
7027,3
7027,4
7027,5
7027,6
7027,7
7027,8
7027,9
7027,10
7027,11
7027,12
7027,13
7027,14
7027,15
7027,16
7027,17
7027,18
7027,19
7027,20
7027,21
7027,22
7027,23
7027,24
7027,25
7027,26
7027,27
7027,28
7027,29
7027,30
7028,1
7028,2
7028,3
7028,4
7028,5
7028,6
7028,7
7028,8
7028,9
7028,10
7028,11
7028,12
7028,13
7028,14
7028,15
7028,16
7028,17
7028,18
7028,19
7028,20
7028,21
7028,22
7028,23
7028,24
7028,25
7028,26
7028,27
7028,28
7028,29
7028,30
7029,1
7029,2
7029,3
7029,4
7029,5
7029,6
7029,7
7029,8
7029,9
7029,10
7029,11
7029,12
7029,13
7029,14
7029,15
7029,16
7029,17
7029,18
7029,19
7029,20
7029,21
7029,22
7029,23
7029,24
7029,25
7029,26
7029,27
7029,28
7029,29
7029,30
7030,1
7030,2
7030,3
7030,4
7030,5
7030,6
7030,7
7030,8
7030,9
7030,10
7030,11
7030,12
7030,13
7030,14
7030,15
7030,16
7030,17
7030,18
7030,19
7030,20
7030,21
7030,22
7030,23
7030,24
7030,25
7030,26
7030,27
7030,28
7030,29
7030,30
